folder,pAUC
1,0.132615073622948
2,0.12056844427510356
