folder,pAUC
1,0.132615073622948
2,0.12056844427510356
3,0.14219393783162548
4,0.1214445904095526
