folder,pAUC
1,0.13823110000249159
2,0.12157708065798321
3,0.14152703486498677
4,0.12428249213893333
5,0.1377370410092623
