folder,pAUC
1,0.1369908044835325
2,0.1257475986527995
3,0.14004006358617427
4,0.12073860293760473
