folder,pAUC
1,0.1369908044835325
2,0.1257475986527995
